"","Sample.ID","ALA.mean","VAL.mean","NOR.mean","GLU.mean","PHE.mean","ALA.sd","VAL.sd","NOR.sd","GLU.sd","PHE.sd"
"1","16_W_2",23.6651114583334,16.1703478219699,15.9840576704549,23.6206793560604,3.81553664772656,0.2534795168302,0.436210842813919,0.825538945980091,0.409436308000902,1.39217919100183
"2","16_W_3",23.3644489583334,16.4640974431821,12.8817800189395,23.0396801136365,5.01115823863612,0.152128912694047,0.503435705731199,1.35750746618315,0.0805472273867203,0.161215659224324
"3","22_E_2",21.0425208333335,19.9553693181818,13.2082935606069,22.0244280303025,2.18503219696851,0.0854617045961154,1.21650091655348,0.849123035076496,0.352116996911494,0.731607875488052
"4","22_E_3",21.5204828125001,19.4711919034092,13.6895089488643,20.0555536931814,1.48411775568087,0.120148490667054,1.08574779808152,0.960967958880228,0.00771911510616576,0.831270915193238
"5","22_K_2",23.5632677083335,22.7328071022726,13.2155851325768,23.0798441287871,4.86614933711971,0.185631455651987,0.572481664929163,0.231793105493695,0.134849758452938,0.840591227242412
"6","5AA",-1.20999999999989,0.361000000000055,14.1630000000006,-3.33600000000042,-5.00400000000098,0.131875025671404,0.286375190385905,0.218199412830315,0.451765516620727,0.422330876193982
