"","Sample.ID","ALA.mean","VAL.mean","NOR.mean","GLU.mean","PHE.mean","ALA.sd","VAL.sd","NOR.sd","GLU.sd","PHE.sd"
"1","13_K_3",20.2356327433628,20.8755589970501,13.6511703539823,20.5236873156344,1.13677949852541,0.0755251426017208,0.62617859935536,0.167089433386167,0.222316693568558,0.46853696250819
"2","5AA",-1.21000000000001,0.360999999999997,14.163,-3.33599999999985,-5.00399999999978,0.18494624508035,0.109242970248299,0.103071419664351,0.0717666757779627,0.0658078513844267
