"","Sample.ID","ALA.mean","VAL.mean","NOR.mean","GLU.mean","PHE.mean","ALA.sd","VAL.sd","NOR.sd","GLU.sd","PHE.sd"
"1","5AA",-1.20999999999954,0.361000000000783,14.1629999999997,-3.33599999999897,-5.00399999999913,0.178190198992665,0.325064110226884,0.475710797571534,0.54463919110251,0.565305443089562
"2","71_W_2",20.4931079545459,24.3411363636372,13.2007897727269,21.6492424242436,6.68019886363742,0.278836851851334,0.363526631518758,0.0891325939597793,0.38157454505872,0.300756980456462
"3","71_W_3",21.6856901515156,20.3610121212129,12.4993507575754,22.8166363636374,2.45285378787952,0.60727742788618,0.422626379347425,1.44358681666244,0.440782238663842,0.833478525225845
"4","74_E_2",22.3893767992429,18.5804189393947,15.2020214962118,23.3069318181828,5.03959498106156,0.17575127453196,0.397368296846211,0.429539077189181,0.230833037090486,0.297523575787526
"5","77_E_3",21.0544213068187,23.8397295454554,11.9004523674239,22.0566136363649,1.41212433712266,0.227065475780171,0.641231987523591,0.382577647455418,0.169319440202625,0.106947208575682
"6","77_K_2",21.1229589962125,19.1192946969705,14.9775824810603,21.9839924242433,4.48991657197033,0.12109402920334,1.00914432911003,2.94327305489159,0.374566654804189,0.240267840060753
