"","Sample.ID","ALA.mean","VAL.mean","NOR.mean","GLU.mean","PHE.mean","ALA.sd","VAL.sd","NOR.sd","GLU.sd","PHE.sd"
"1","22_K_3",20.4956510416669,14.5580858901515,15.943205871212,21.1996203598486,4.08856903409084,0.0370132944778252,1.12244091976424,0.333194996417045,0.578499162669428,1.23214557781499
"2","22_W_2",22.7512864583338,17.8297061553032,13.2986054924243,22.8221459280305,4.78048285984849,0.221688688464545,0.512837276943243,0.592960277165724,0.175238409725921,0.987135668562717
"3","22_W_3",21.3168958333337,19.3803200757577,13.6626856060607,20.6047215909093,4.05497537878785,0.185881219379794,0.959832218652553,0.930792729686552,0.597009015778889,0.550355351651953
"4","5AA",-1.20999999999972,0.361000000000057,14.163,-3.33599999999987,-5.00400000000004,0.398006304258112,0.260435884715128,0.322525284714708,0.430931147880988,0.231042422909109
