"","Sample.ID","ALA.mean","VAL.mean","NOR.mean","GLU.mean","PHE.mean","ALA.sd","VAL.sd","NOR.sd","GLU.sd","PHE.sd"
"1","5AA",-1.21000000000148,0.360999999999949,14.1629999999983,-3.33600000000153,-5.00400000000106,0.228129922113795,0.206595846973627,0.671170928416258,0.507877663301559,0.842845106460886
"2","71_E_2",22.7242575757565,19.1682537878787,13.0153696969681,22.5764886363621,4.19306969696843,0.443009630242446,0.619195749193665,0.183198336926218,0.301529199043837,0.880904614561981
"3","71_E_3",22.7348087121197,19.251461647727,16.6632568181803,23.1853129734833,3.8655859848471,0.384693182923602,0.165242817675713,0.465016709916144,0.135305376472548,0.336073196440465
"4","71_K_2",22.4476382575745,23.3116576704546,14.2255219696955,21.4997874053014,3.25530946969609,0.123371545217446,0.177113511330147,0.157922913351915,0.055154439820434,0.0568646635139211
"5","71_K_3",23.1675227272715,22.2895321969697,13.740742424241,21.9916117424227,2.85582575757476,0.0955453560529034,0.897146110890727,0.330715836850178,0.0991510456101439,0.434131507832218
