"","Sample.ID","ALA.mean","VAL.mean","NOR.mean","GLU.mean","PHE.mean","ALA.sd","VAL.sd","NOR.sd","GLU.sd","PHE.sd"
"1","16_K_2",23.9200067234855,17.1943527462123,14.9321413825765,23.8781142992425,3.76283418560582,0.291243486665664,0.722858386117953,0.530181472112141,0.442907273825455,0.348452512445546
"2","5AA",-1.20999999999967,0.361000000000143,14.1630000000006,-3.33599999999984,-5.00400000000014,0.344649757508046,0.476420059562338,0.522764279664119,0.432791631457301,0.425968371871928
