"","Sample.ID","ALA.mean","VAL.mean","NOR.mean","GLU.mean","PHE.mean","ALA.sd","VAL.sd","NOR.sd","GLU.sd","PHE.sd"
"1","5AA",-1.21000000000019,0.360999999999326,14.1630000000006,-3.3360000000005,-5.00400000000077,0.733057228454517,0.986623501692011,0.426766590952738,0.468887088438739,0.530049428843417
"2","74_K_2",21.929078219697,15.1998685606059,13.4555362689399,20.3875986742421,3.5647580492419,0.253764562684125,1.4725239045465,1.99204716730057,0.839228157815239,0.809467121408887
"3","74_W_2",22.3317744318183,16.2114428030306,15.096123011364,21.9708433712121,4.32324857954525,0.150422535742135,1.07711813815938,1.94294952259111,0.480329336906044,0.138215061470649
