"","Sample.ID","ALA.mean","VAL.mean","NOR.mean","GLU.mean","PHE.mean","ALA.sd","VAL.sd","NOR.sd","GLU.sd","PHE.sd"
"1","13_W_2",22.1205892045451,15.1228486742424,14.5127400568182,20.9020514204532,6.03190568181852,0.655671977004041,0.325121279571564,0.115450921709454,3.08863707269034,1.39252725210034
"2","13_W_3",22.5081945075753,16.1789464015152,14.0239730113636,22.6700086174229,5.88993446969684,0.0623297206797901,0.308873880849629,1.25075941385471,0.203767511418774,0.536183841473536
"3","5AA",-1.21000000000054,0.360999999999906,14.163,-3.33600000000158,-5.00400000000032,0.244075230966156,0.223076641691099,0.239900230308115,0.207395347947753,0.306420330493043
"4","95_E_2",22.9300037878782,17.727784090909,14.8295473484848,22.2170170454529,4.76540151515116,0.72772170691586,0.335203032987772,1.10703278741275,0.141321738747007,1.42020768945117
"5","95_E_3",24.1980651515146,17.6050196969695,15.9203143939394,22.7057265151502,8.21503939393921,0.208484779231047,3.05728659477097,2.29020176111437,0.831714797506477,1.08042586849461
"6","95_K_2",21.6318744318175,21.2138573863633,12.3855553977272,20.5704016098465,3.34283977272686,0.254006311341457,1.19039390874747,0.275708476298951,0.492006384918495,0.472927035383811
