"","Sample.ID","ALA.mean","VAL.mean","NOR.mean","GLU.mean","PHE.mean","REF.mean","ALA.sd","VAL.sd","NOR.sd","GLU.sd","PHE.sd","REF.sd"
"1","04_W_3",23.3633702651513,16.4150925189393,18.4967127840913,22.9270437499998,7.01444365530275,-0.38415,0.397071172785411,2.45794887033639,0.204177827913139,0.457830968441486,0.741940347079949,NA
"2","07_K_2",21.8687907196967,21.708286837121,17.7679942234855,19.800952083333,6.00813707386313,-0.38415,0.438359032366485,2.37303820011133,0.360225130829245,0.596322420337744,3.3252309077254,NA
"3","10_E_2",22.4903418560601,22.6406059659088,15.512031155304,21.733722916666,4.10489725378729,-0.38415,0.256703488542648,3.54492051359018,0.719932568847757,0.311818082376973,0.317718359397104,NA
"4","10_E_3",22.1677765151511,15.3910435606058,14.858153409092,23.0764583333328,2.21999053030254,-0.38415,0.0572238607093264,0.728016865973695,0.399465011071599,0.309325603527081,0.305462417138899,NA
"5","5AA",-1.21000000000037,0.360999999999815,14.1630000000008,-3.33600000000057,-5.00400000000046,-0.38415,0.319976119196468,0.274170879670769,0.898377616436511,0.264944974633122,0.15747642094424,NA
