"","Sample.ID","ALA.mean","VAL.mean","NOR.mean","GLU.mean","PHE.mean","ALA.sd","VAL.sd","NOR.sd","GLU.sd","PHE.sd"
"1","5AA",-1.21,0.360999999999944,14.163,-3.33600000000043,-5.00400000000042,0.473138214958954,0.186705886538701,0.497292025205898,0.434697616568538,0.230238734075157
"2","80_W_2",20.6407662878788,13.6036013257576,15.2867041666666,19.1797535037874,5.02473579545455,0.277800956260944,1.14399163687367,1.70689196267355,1.57194171027636,NA
"3","84_W_2",22.9834132575758,16.1410369318181,13.7737208333333,21.9206523674238,6.66236676136338,0.213000844918203,0.153401584438682,0.168793134456286,0.478060765020668,1.29764493664845
"4","89_W_3",23.5374621212121,16.7555492424242,14.3905833333334,23.715642045454,3.98950568181768,0.430265273279649,0.497397881146413,1.62823771214142,0.316940733835544,1.09254725015688
"5","92_E_2",23.7638640151515,21.4402926136362,13.8010958333335,23.2483995265145,3.70780331439349,0.269633498609175,1.57406666630473,0.213854850867538,0.272359789086525,1.31631210837213
"6","93_K_2",23.7274818181818,17.1054469696969,14.1965666666667,22.6394098484844,6.45066439393904,0.374627602078248,0.489660070411358,1.21347004896685,0.238920403006106,0.481328492889622
