"","Sample.ID","ALA.mean","VAL.mean","NOR.mean","GLU.mean","PHE.mean","ALA.sd","VAL.sd","NOR.sd","GLU.sd","PHE.sd"
"1","22_E_2_R",23.1368768939388,14.4428390151511,14.3983920454547,23.2525965909073,2.39439204545344,0.150767694471206,2.31949631878132,1.40154894830025,0.420914404415524,0.608373674250405
"2","5AA",-1.21000000000039,0.360999999999569,14.1630000000001,-3.33600000000126,-5.00400000000089,0.180330611912791,0.321443838539872,0.796464901099682,0.381037831735908,0.261027690773044
"3","92_W_2",23.642611837121,16.8622334280298,13.8449482007576,21.2946849431807,6.81799820075684,0.283309529916732,0.356754241787453,2.9326733782016,0.25933369779212,1.07176854138794
