"","Sample.ID","ALA.mean","VAL.mean","NOR.mean","GLU.mean","PHE.mean","ALA.sd","VAL.sd","NOR.sd","GLU.sd","PHE.sd"
"1","5AA",-1.21000000000081,0.360999999998678,14.1629999999982,-3.33600000000078,-5.00400000000099,0.504707334937106,0.153095171336968,0.288959423022567,0.327793529761293,0.547405383800732
"2","65_W_2",21.7826431818178,17.0649519886351,17.2376313446956,23.602448011363,4.28038986742363,0.489225151867787,0.293348311176055,1.18514254468597,0.325532340191525,1.80963177239558
"3","67_E_2",22.0474060606053,15.983870454544,16.8477962121196,23.0493962121205,1.93562196969619,0.219993891048798,1.31249223671717,0.341863275646946,0.148266944082923,0.887770953174356
"4","67_E_3",22.3892219696965,13.7562387310597,18.0066779356046,23.5592279356053,3.90071297348401,0.393667731155695,0.62569701402161,0.223083314995438,0.639445069965272,0.522841694453571
"5","68_K_2",23.2966515151506,21.0908238636352,14.5158428030286,22.8728428030295,1.85594507575658,0.0830554760316183,0.810167168755071,0.930185700745797,0.118769578781949,0.123595240530915
"6","68_W_3",22.7888356060595,23.7421222537863,12.1456277462103,22.2703444128779,3.62985407196876,0.359049310754386,1.22025539099981,1.18637179256831,0.181630581008953,0.38508063827023
