"","Sample.ID","ALA.mean","VAL.mean","NOR.mean","GLU.mean","PHE.mean","ALA.sd","VAL.sd","NOR.sd","GLU.sd","PHE.sd"
"1","5AA",-1.20999999999979,0.361000000000127,14.1630000000002,-3.33600000000001,-5.00400000000005,0.216426474672988,0.48799743390906,0.358418658159768,0.661887072707321,0.683575501838727
"2","65_E_2",20.9648272727275,14.5412310606061,14.5498401515153,21.8676431818182,2.51646136363635,0.128299461493334,1.26390206817318,1.94763657978048,0.554059014211292,0.329725691949016
"3","65_K_2",23.3395984848488,16.4539223484851,13.654066287879,23.0158920454545,4.24901325757563,0.301510147828757,0.749682820530366,0.308324546801165,0.576460879656385,0.71458159816432
"4","68_W_2",22.598010227273,23.3976908143942,10.4266525568185,22.5968286931816,3.34501051136344,0.354822134701299,0.709491512562596,0.0459270071512015,0.321822703220749,0.399786282180733
