"","Sample.ID","ALA.mean","VAL.mean","NOR.mean","GLU.mean","PHE.mean","ALA.sd","VAL.sd","NOR.sd","GLU.sd","PHE.sd"
"1","22_K_3",21.5732234848484,17.9080738636365,14.6641117424244,21.5851477272727,3.2235909090909,0.0260673789598848,0.0963331757680917,0.398819746431606,0.15911817382539,0.671638732065151
"2","22_W_3",21.5693414772728,22.5814680871213,12.8909124053032,20.3076695075757,4.37132803030303,0.175746719945415,2.95942337824455,0.244529289997133,0.162538414640877,0.317032123720483
"3","5AA",-1.21000000000017,0.361000000000084,14.163,-3.33599999999999,-5.00400000000001,0.226627778944664,0.188019043326502,0.658271166932027,0.305394896181372,0.291742949331846
