"","Sample.ID","ALA.mean","VAL.mean","NOR.mean","GLU.mean","PHE.mean","ALA.sd","VAL.sd","NOR.sd","GLU.sd","PHE.sd"
"1","04_E_2_R",22.8713333333334,18.5136287878789,11.6078276515148,23.0236893939402,3.76182007575787,0.287690082090661,1.70935018163588,2.21648127292102,0.103047244179312,0.40501659648987
"2","10_W_2_R",22.9855000000001,21.6566890151516,13.0152466856057,23.5477132575765,4.44724782197014,0.482972825322508,0.507472226337604,0.344364805944316,0.533350456579049,0.774193942785578
"3","22_K_3_R",22.741,14.5558818181819,13.5382689393937,22.973324242425,3.68880530303085,0.560211344047934,0.484082057645534,0.414137073781035,0.110260200461038,0.73435886595064
"4","5AA",-1.20999999999997,0.361000000000079,14.1629999999997,-3.33599999999925,-5.00399999999965,0.303560537619761,0.326880870942119,0.196081763562827,0.342073083853477,0.234698157315608
"5","86_W_3",21.9225,16.3557412878788,17.2582911931816,21.27160189394,6.43102945075777,0.189503957742306,1.39381775956101,1.10041580242572,0.371005795698803,0.0472835855905172
