"","Sample.ID","ALA.mean","VAL.mean","NOR.mean","GLU.mean","PHE.mean","ALA.sd","VAL.sd","NOR.sd","GLU.sd","PHE.sd"
"1","04_E_2",23.2191525568184,19.4115505681819,13.3068102272738,22.9585020833323,5.04538276515056,0.150009193610545,1.95206419660065,0.422758893246928,0.51253043256954,0.883772283225114
"2","07_E_2",22.1427538825758,17.1741471590908,16.0812155303036,19.6385229166661,6.31811950757559,0.367464865004003,0.0905551397323034,0.667752733337932,0.725471683154928,0.595932288390992
"3","10_K_2",21.9410662878789,22.4814962121212,13.5185984848494,21.4997083333325,3.28450378787805,0.169177262202918,3.1946308036734,0.261209556100449,0.35031912317172,0.932519521344193
"4","5AA",-1.2099999999999,0.36099999999999,14.1630000000007,-3.33600000000072,-5.00400000000056,0.376459959602235,0.326237084093575,0.600574962520045,0.332120293844523,0.469002595981958
